Артикул;Фото товара
775434;images/775434.jpeg
775433;images/775433.jpeg
775422;images/775422.jpeg
775431;images/775431.jpeg
775432;images/775432.jpeg
775413;images/775413.jpeg
775412;images/775412.jpeg
775411;images/775411.jpeg
775132;images/775132.jpeg
775134;images/775134.jpeg
775133;images/775133.jpeg
775122;images/775122.jpeg
775992;images/775992.jpeg
775991;images/775991.jpeg
775990;images/775990.jpeg
775120;images/775120.jpeg
775519;images/775519.jpeg
775521;images/775521.jpeg
775520;images/775520.jpeg
775517;images/775517.jpeg
775512;images/775512.jpeg
775338;images/775338.jpeg
775336;images/775336.jpeg
775335;images/775335.jpeg
7752993;images/7752993.jpeg
775334;images/775334.jpeg
775297;images/775297.jpeg
7752963;images/7752963.jpeg
7752983;images/7752983.jpeg
7752933;images/7752933.jpeg
775295;images/775295.jpeg
775294;images/775294.jpeg
775293;images/775293.jpeg
7752923;images/7752923.jpeg
775290;images/775290.jpeg
775291;images/775291.jpeg
775292;images/775292.jpeg
775289;images/775289.jpeg
775288;images/775288.jpeg
775286;images/775286.jpeg
775287;images/775287.jpeg
7752873;images/7752873.jpeg
7752863;images/7752863.jpeg
777311;images/777311.jpeg
777312;images/777312.jpeg
777302;images/777302.jpeg
777301;images/777301.jpeg
777201;images/777201.jpg
777214;images/777214.jpeg
777212;images/777212.jpeg
777224;images/777224.jpeg
777211;images/777211.jpeg
775383;images/775383.jpg
777213;images/777213.jpeg
775386;images/775386.jpeg
775382;images/775382.jpeg
775381;images/775381.jpeg
775384;images/775384.jpeg
775378;images/775378.jpeg
775372;images/775372.jpeg
775377;images/775377.jpeg
775375;images/775375.jpeg
775374;images/775374.jpeg
775371;images/775371.jpeg
775364;images/775364.jpeg
775363;images/775363.jpeg
775354;images/775354.jpeg
775352;images/775352.jpeg
775361;images/775361.jpeg
775353;images/775353.jpeg
775351;images/775351.jpeg
775342;images/775342.jpeg
775344;images/775344.jpeg
775325;images/775325.jpeg
775323;images/775323.jpeg
775318;images/775318.jpeg
775319;images/775319.jpeg
775316;images/775316.jpeg
775315;images/775315.jpeg
775304;images/775304.jpeg
775302;images/775302.jpeg
775301;images/775301.jpeg
775305;images/775305.jpeg
7776673;images/7776673.jpg
7776853;images/7776853.jpg
7776653;images/7776653.jpg
7776453;images/7776453.jpeg
777449;images/777449.jpeg
777448;images/777448.jpeg
777447;images/777447.jpeg
777444;images/777444.jpeg
777446;images/777446.jpeg
777445;images/777445.jpeg
777440;images/777440.jpeg
777443;images/777443.jpeg
777441;images/777441.jpeg
777406;images/777406.jpeg
777404;images/777404.jpeg
777442;images/777442.jpeg
777405;images/777405.jpeg
777400;images/777400.jpeg
777402;images/777402.jpeg
777403;images/777403.jpeg
777401;images/777401.jpeg
7771883;images/7771883.jpg
7771873;images/7771873.jpg
7771783;images/7771783.jpg
7771673;images/7771673.jpg
7771763;images/7771763.jpg
7771863;images/7771863.jpeg
772118;images/772118.jpeg
7771663;images/7771663.jpg
7771773;images/7771773.jpg
772116;images/772116.jpeg
7771653;images/7771653.jpg
772114;images/772114.jpeg
773434;images/773434.jpg
776912;images/776912.jpeg
773433;images/773433.jpg
773432;images/773432.jpg
773424;images/773424.jpeg
773423;images/773423.jpeg
773422;images/773422.jpeg
773421;images/773421.jpeg
776911;images/776911.jpg
773414;images/773414.jpeg
773412;images/773412.jpeg
773411;images/773411.jpeg
773334;images/773334.jpeg
773332;images/773332.jpeg
779737;images/779737.jpeg
779756;images/779756.jpeg
779755;images/779755.jpeg
773331;images/773331.jpeg
779733;images/779733.jpeg
779751;images/779751.jpeg
779735;images/779735.jpeg
779558;images/779558.jpeg
779731;images/779731.jpeg
779555;images/779555.jpeg
779556;images/779556.jpeg
779537;images/779537.jpg
779535;images/779535.jpg
779536;images/779536.jpg
779533;images/779533.jpeg
779534;images/779534.jpeg
779532;images/779532.jpeg
779531;images/779531.jpg
779529;images/779529.jpeg
779530;images/779530.jpeg
779528;images/779528.jpeg
774741;images/774741.jpeg
774711;images/774711.png
774714;images/774714.png
774533;images/774533.jpeg
774513;images/774513.jpeg
774512;images/774512.jpeg
774531;images/774531.jpeg
774532;images/774532.jpeg
774511;images/774511.jpeg
774471;images/774471.png
774451;images/774451.png
774444;images/774444.png
774443;images/774443.png
774442;images/774442.png
774412;images/774412.png
774433;images/774433.png
774413;images/774413.png
774432;images/774432.png
774198;images/774198.jpeg
774188;images/774188.jpeg
774168;images/774168.jpeg
774187;images/774187.jpeg
774169;images/774169.jpeg
774167;images/774167.jpeg
774159;images/774159.jpeg
774142;images/774142.jpeg
779142;images/779142.jpeg
779162;images/779162.jpeg
779141;images/779141.jpeg
779133;images/779133.jpeg
779134;images/779134.jpeg
779131;images/779131.jpeg
779132;images/779132.jpeg
779128;images/779128.jpeg
779129;images/779129.jpeg
779126;images/779126.jpeg
779125;images/779125.jpeg
779123;images/779123.jpeg
779122;images/779122.jpeg
779124;images/779124.jpeg
779121;images/779121.jpeg
779118;images/779118.jpeg
779113;images/779113.jpeg
779117;images/779117.jpg
5342453;images/5342453.jpeg
779112;images/779112.jpeg
5344073;images/5344073.jpeg
5344063;images/5344063.jpeg
779111;images/779111.jpeg
5344083;images/5344083.jpeg
779742;images/779742.jpg
779773;images/779773.jpeg
779645;images/779645.jpeg
779738;images/779738.jpeg
779740;images/779740.jpeg
779655;images/779655.jpeg
779741;images/779741.jpeg
779654;images/779654.jpeg
779644;images/779644.jpeg
779639;images/779639.jpeg
779625;images/779625.jpeg
779611;images/779611.jpeg
779598;images/779598.jpeg
779597;images/779597.jpeg
779593;images/779593.jpg
779594;images/779594.jpg
779592;images/779592.jpg
779591;images/779591.jpg
779583;images/779583.jpeg
779581;images/779581.jpeg
779575;images/779575.jpeg
779577;images/779577.jpeg
779571;images/779571.jpeg
779573;images/779573.jpeg
779563;images/779563.jpg
779561;images/779561.jpeg
779539;images/779539.jpeg
779522;images/779522.jpg
779562;images/779562.jpeg
779538;images/779538.jpeg
775225;images/775225.jpeg
775223;images/775223.jpeg
775285;images/775285.jpeg
775284;images/775284.jpeg
775283;images/775283.jpeg
775282;images/775282.jpeg
775280;images/775280.jpeg
775281;images/775281.jpeg
775279;images/775279.jpeg
775278;images/775278.jpeg
775277;images/775277.jpeg
775260;images/775260.jpeg
775262;images/775262.jpeg
775261;images/775261.jpeg
775263;images/775263.jpeg
775276;images/775276.jpeg
775253;images/775253.jpeg
775224;images/775224.jpeg
7752753;images/7752753.jpeg
775254;images/775254.jpeg
7752743;images/7752743.jpeg
7752723;images/7752723.jpeg
775272;images/775272.jpeg
7752733;images/7752733.jpeg
7752713;images/7752713.jpeg
775271;images/775271.jpeg
7752703;images/7752703.jpeg
7752693;images/7752693.jpeg
7752683;images/7752683.jpeg
775267;images/775267.jpeg
7752663;images/7752663.jpeg
775265;images/775265.jpeg
777121;images/777121.jpeg
775255;images/775255.jpeg
777123;images/777123.jpeg
777122;images/777122.jpeg
777125;images/777125.jpeg
777111;images/777111.jpeg
777124;images/777124.jpeg
777101;images/777101.jpeg
777112;images/777112.jpeg
777102;images/777102.jpeg
777131;images/777131.jpeg
777113;images/777113.jpeg
7771583;images/7771583.jpg
777114;images/777114.jpeg
777103;images/777103.jpg
777154;images/777154.jpeg
777104;images/777104.jpeg
777144;images/777144.jpeg
777151;images/777151.jpeg
777152;images/777152.jpeg
777143;images/777143.jpeg
